<?xml version="1.0" encoding="UTF-8"?>
<!DOCTYPE mapper PUBLIC "-//mybatis.org//DTD Mapper 3.0//EN"
  "http://mybatis.org/dtd/mybatis-3-mapper.dtd">
<mapper namespace="com.jt.sys.dao.SysConfigDao">
     <!-- 使用sql元素可以定义sql片段(Sql语句中的共性部分) -->
     <sql id="queryWhereId">
           <where>
                <if test="name!=null and name!=''">
                  name like concat("%",#{name},"%")
                </if>
           </where> 
     </sql>
     <select id="findPageObjects"
             resultType="com.jt.sys.entity.SysConfig">
             select *
             from sys_configs
             <include refid="queryWhereId"/>
             limit #{startIndex},#{pageSize}
     </select>
     <select id="getRowCount"
             resultType="int">
             select count(*)
             from sys_configs
             <include refid="queryWhereId"/>
     </select>
</mapper>



