<?xml version="1.0" encoding="UTF-8"?>
<beans default-lazy-init="true"
    xmlns="http://www.springframework.org/schema/beans" 
    xmlns:p="http://www.springframework.org/schema/p"
    xmlns:xsi="http://www.w3.org/2001/XMLSchema-instance" 
    xmlns:context="http://www.springframework.org/schema/context"
    xmlns:tx="http://www.springframework.org/schema/tx"
    xmlns:aop="http://www.springframework.org/schema/aop" 
    xmlns:mvc="http://www.springframework.org/schema/mvc"
    xmlns:util="http://www.springframework.org/schema/util"
    xmlns:jpa="http://www.springframework.org/schema/data/jpa"
    xsi:schemaLocation="  
       http://www.springframework.org/schema/beans   
       http://www.springframework.org/schema/beans/spring-beans-4.3.xsd  
       http://www.springframework.org/schema/mvc   
       http://www.springframework.org/schema/mvc/spring-mvc-4.3.xsd   
       http://www.springframework.org/schema/tx   
       http://www.springframework.org/schema/tx/spring-tx-4.3.xsd   
       http://www.springframework.org/schema/aop 
       http://www.springframework.org/schema/aop/spring-aop-4.3.xsd
       http://www.springframework.org/schema/util 
       http://www.springframework.org/schema/util/spring-util-4.3.xsd
       http://www.springframework.org/schema/data/jpa 
       http://www.springframework.org/schema/data/jpa/spring-jpa-1.3.xsd
       http://www.springframework.org/schema/context
       http://www.springframework.org/schema/context/spring-context-4.3.xsd">
   
     <!-- 整合DRUID数据源对象 -->
     <util:properties id="cfg" location="classpath:configs.properties"/>
     <bean id="dataSource" class="com.alibaba.druid.pool.DruidDataSource"
           init-method="init"   destroy-method="close" lazy-init="false">
           <property name="driverClassName" value="#{cfg.jdbcDriver}"/>      
           <property name="url" value="#{cfg.jdbcUrl}"/>      
           <property name="username" value="#{cfg.jdbcUser}"/>      
           <property name="password" value="#{cfg.jdbcPassword}"/>     
     </bean>
     <!-- 整合SqlSessionFactoryBean对象 -->
     <bean id="sqlSessionFactory" 
           class="org.mybatis.spring.SqlSessionFactoryBean">
           <property name="dataSource" ref="dataSource"/>
           <property name="mapperLocations" 
           value="classpath*:mapper/sys/*Mapper.xml"/>
     </bean>
     <!-- 配置Dao接口对象的扫描 -->
     <bean class="org.mybatis.spring.mapper.MapperScannerConfigurer">
           <property name="basePackage" 
                     value="com.jt.**.dao"/>
           <property name="sqlSessionFactoryBeanName"
                     value="sqlSessionFactory"/>
     </bean>
</beans>










