<?xml version="1.0" encoding="UTF-8"?>
<!DOCTYPE mapper
  PUBLIC "-//mybatis.org//DTD Mapper 3.0//EN"
  "http://mybatis.org/dtd/mybatis-3-mapper.dtd">

<mapper namespace="com.jt.module.dao.ProjectDao">
     <!-- 
            分析:select元素对应的sql查询结果如何映射内存中Project对象的
       1)通过反射构建类的对象(Class.forName("com.jt.module.entity.Project"));
       2)基于查询结果中的字段名查找pojo对象中对应的set方法.
       3)假如Pojo对象中有对应的set方法,则通过反射调用set方法为对象属性赋值,
       4)假如Pojo对象中没有对应的set方法,则基于字段查找对应属性,有则通过反射直接赋值.
      -->
     <select id="findObjects"
             resultType="com.jt.module.entity.Project">
        select *
        from projects
     </select>
     
     
     <!-- 基于id查询项目信息 -->
     <select id="findObjectById"
             parameterType="int"
             resultType="com.jt.module.entity.Project">
             select *
             from projects
             where id=#{id}
     </select>
     
     <!-- 按条件执行分页查询 -->
     <select id="findPageObjects"
             resultType="com.jt.module.entity.Project">
             select *
             from projects
             where name like concat("%",#{searchName},"%")
             limit #{startIndex},#{pageSize}
     </select>
     
     <insert id="insertObject"
             parameterType="com.jt.module.entity.Project">
         insert into projects
         (name,note,createdTime)
         values
         (#{name},#{note},#{createdTime})
     </insert>
     
     <update id="updateObject"
             parameterType="com.jt.module.entity.Project">
         update projects
         set name=#{name},
             note=#{note}
         where id=#{id}
     </update>
     
     <delete id="deleteObject">
         delete 
         from projects
         where id=#{id}
     </delete>
     
</mapper>





