<?xml version="1.0" encoding="UTF-8"?>
<!DOCTYPE mapper PUBLIC "-//mybatis.org//DTD Mapper 3.0//EN"
  "http://mybatis.org/dtd/mybatis-3-mapper.dtd">

<mapper namespace="com.jt.sys.dao.SysUserDao">

    <!-- 保存用户自身信息 -->
     <insert id="insertObject"
           parameterType="com.jt.sys.entity.SysUser"
           useGeneratedKeys="true"
           keyProperty="id">
      insert into sys_users
      (username,password,deptId,email,mobile,salt,valid,
      createdTime,modifiedTime,createdUser,modifiedUser)
      values
      (#{username},#{password},#{deptId},#{email},#{mobile},#{salt},#{valid},
      now(),now(),#{createdUser},#{modifiedUser})
    </insert>
    

    <!-- 禁用或启用用户信息 -->
    <update id="validById">
        update sys_users
        set valid=#{valid},
            modifiedUser=#{modifiedUser},
            modifiedTime=now()
        where id=#{id}
    </update>
    
    <resultMap id="sysUserMap" 
               type="com.jt.sys.vo.SysUserDeptResult">
               <!-- 关联查询
                  1) 属性(property) sysDept 对应SysUserDeptResult对象的set方法
                  2) 字段(column): deptId (来自查询中的一个字段值)   
                  3) 查询(select):可以是本命名空间或其它命名空间中的一个查询元素.                 
                -->
               <association property="sysDept"
                            column="deptId"
                            select="com.jt.sys.dao.SysDeptDao.findById">
               </association>
    </resultMap>
    
    <select id="findPageObjects"
            resultMap="sysUserMap">
            select *
            from sys_users
            <include refid="queryWhereId"/>
            order by createdTime desc
            limit #{startIndex},#{pageSize}
    </select>
    
    <select id="getRowCount"
            resultType="int">
            select count(*)
            from sys_users
            <include refid="queryWhereId"/>
    </select>
    
    <sql id="queryWhereId">
           <where>
              <if test="username!=null and username!=''">
                  username like concat("%",#{username},"%")
              </if>
           </where>
    </sql>
      
</mapper>



