<?xml version="1.0" encoding="UTF-8"?>
<!DOCTYPE mapper
  PUBLIC "-//mybatis.org//DTD Mapper 3.0//EN"
  "http://mybatis.org/dtd/mybatis-3-mapper.dtd">

<mapper namespace="com.jt.module.dao.OrderDao">
   <!-- 定义结果映射 -->
   <resultMap type="com.jt.module.vo.OrderResult" 
              id="orderWithMap">
        <!-- 定义关联查询映射 -->
        <association property="project"
                     javaType="project"
         column="projectId"
         select="com.jt.module.dao.ProjectDao.findObjectById"
         fetchType="eager">
        </association>
   </resultMap>
   <!--  -->
   <select id="findOrderResultWithId"
           resultMap="orderWithMap">
           select * from orders where id=#{id}        
   </select>
   <!-- 表关联查询中的内连接:
               查询订单时，将订单所归属的
               项目名称也查询出来
               思考：为什么resultType使用map呢? -->
   <select id="findObjectById"
           resultType="map">
           select o.*,p.name
           from orders o join projects p
           on o.projectId=p.id  
           where o.id=#{id}      
   </select>
   
   <!-- 在resultMap元素中定义映射规则 -->
   <resultMap type="com.jt.module.vo.OrderResult" 
              id="orderResultMap">
         <id property="id" column="id"/>
         <result property="state" column="state"/>
         <result property="price" column="price"/>
         <result property="createdTime" column="createdTime"/>
         <association property="project" 
                      javaType="com.jt.module.entity.Project">
             <id property="id" column="projectId"/>
             <result property="name" column="projectName"/>
         </association>
   </resultMap>
   
   <select id="findOrderResultById"
           resultMap="orderResultMap">
           select o.*,p.name projectName
           from orders o join projects p
           on o.projectId=p.id  
           where o.id=#{id}      
   </select>

   <insert id="insertObject"
           parameterType="com.jt.module.entity.Order">
         <selectKey keyProperty="id"
                    resultType="string"
                    order="BEFORE">
           select replace(uuid(),'-','')
         </selectKey>
         insert into orders
         (id,price,state,projectId,createdTime)
         values
         (#{id},#{price},#{state},#{projectId},now())
   </insert>
     
</mapper>





