<?xml version="1.0" encoding="UTF-8"?>
<beans default-lazy-init="true"
    xmlns="http://www.springframework.org/schema/beans" 
    xmlns:p="http://www.springframework.org/schema/p"
    xmlns:xsi="http://www.w3.org/2001/XMLSchema-instance" 
    xmlns:context="http://www.springframework.org/schema/context"
    xmlns:tx="http://www.springframework.org/schema/tx"
    xmlns:aop="http://www.springframework.org/schema/aop" 
    xmlns:mvc="http://www.springframework.org/schema/mvc"
    xmlns:util="http://www.springframework.org/schema/util"
    xmlns:jpa="http://www.springframework.org/schema/data/jpa"
    xsi:schemaLocation="  
       http://www.springframework.org/schema/beans   
       http://www.springframework.org/schema/beans/spring-beans-4.3.xsd  
       http://www.springframework.org/schema/mvc   
       http://www.springframework.org/schema/mvc/spring-mvc-4.3.xsd   
       http://www.springframework.org/schema/tx   
       http://www.springframework.org/schema/tx/spring-tx-4.3.xsd   
       http://www.springframework.org/schema/aop 
       http://www.springframework.org/schema/aop/spring-aop-4.3.xsd
       http://www.springframework.org/schema/util 
       http://www.springframework.org/schema/util/spring-util-4.3.xsd
       http://www.springframework.org/schema/data/jpa 
       http://www.springframework.org/schema/data/jpa/spring-jpa-1.3.xsd
       http://www.springframework.org/schema/context
       http://www.springframework.org/schema/context/spring-context-4.3.xsd">
    
    <bean id="openDataSource" class="beans.OpenDataSource">
        <constructor-arg value="com.mysql.jdbc.Driver"/>
        <constructor-arg value="jdbc:mysql://localhost:3306/test"/>
        <constructor-arg value="root"/>
        <constructor-arg value="123456"/>
        <!-- 
        <property name="driverClassName" value="com.mysql.jdbc.Driver"/>
        <property name="url" value="jdbc:mysql://localhost:3306/test"/>
        <property name="username" value="root"/>
        <property name="password" value="root"/>
         -->
    </bean>
    
    <!-- 整合C3p0,并配置ComboPooledDataSource对象 -->
    <bean id="c3p0DataSource" 
          class="com.mchange.v2.c3p0.ComboPooledDataSource">
          <!-- 通过set方法为对象属性注入值 -->
          <property name="DriverClass" 
                    value="com.mysql.jdbc.Driver"/>
          <property name="JdbcUrl" 
                    value="jdbc:mysql:///test"/>
          <property name="User" 
                    value="root"/>
          <property name="Password" 
                    value="root"/>
    </bean> 
    <!-- 读取资源文件 --> 
    <util:properties id="cfg" 
          location="classpath:configs.properties"/>
    <!-- 整合Druid对象
     1) ctrl+shit+t (打开查找某个类的窗口)
     2) ctrl+o (查看本类方法)
     3) ctrl+t
     -->
    <bean id="druidDataSource" 
          class="com.alibaba.druid.pool.DruidDataSource">
         <constructor-arg value="true"/>
         <property name="DriverClassName" 
                   value="#{cfg.jdbcDriver}"/>
         <property name="Url" 
                   value="#{cfg.jdbcUrl}"/>
         <property name="Username" 
                   value="#{cfg.jdbcUser}"/>
         <property name="Password" 
                   value="#{cfg.jdbcPassword}"/>
         <property name="MaxActive"
                   value="100"/>
    </bean>
</beans>