<?xml version="1.0" encoding="UTF-8"?>
<beans default-lazy-init="true"
    xmlns="http://www.springframework.org/schema/beans" 
    xmlns:p="http://www.springframework.org/schema/p"
    xmlns:xsi="http://www.w3.org/2001/XMLSchema-instance" 
    xmlns:context="http://www.springframework.org/schema/context"
    xmlns:tx="http://www.springframework.org/schema/tx"
    xmlns:aop="http://www.springframework.org/schema/aop" 
    xmlns:mvc="http://www.springframework.org/schema/mvc"
    xmlns:util="http://www.springframework.org/schema/util"
    xmlns:jpa="http://www.springframework.org/schema/data/jpa"
    xsi:schemaLocation="  
       http://www.springframework.org/schema/beans   
       http://www.springframework.org/schema/beans/spring-beans-4.3.xsd  
       http://www.springframework.org/schema/mvc   
       http://www.springframework.org/schema/mvc/spring-mvc-4.3.xsd   
       http://www.springframework.org/schema/tx   
       http://www.springframework.org/schema/tx/spring-tx-4.3.xsd   
       http://www.springframework.org/schema/aop 
       http://www.springframework.org/schema/aop/spring-aop-4.3.xsd
       http://www.springframework.org/schema/util 
       http://www.springframework.org/schema/util/spring-util-4.3.xsd
       http://www.springframework.org/schema/data/jpa 
       http://www.springframework.org/schema/data/jpa/spring-jpa-1.3.xsd
       http://www.springframework.org/schema/context
       http://www.springframework.org/schema/context/spring-context-4.3.xsd">
    
     <!-- 引入另一个配置文件 -->
     <import resource="spring-datasource.xml"/>
     <!-- 对象值的注入 -->
     <bean id="jdbcTemplate"
           class="org.springframework.jdbc.core.JdbcTemplate">
           <constructor-arg ref="druidDataSource"/>    
     </bean>
    
     <bean id="sysConfigDao01"
           class="com.jt.sys.dao.impl.SysConfigDaoImpl01">
           <property name="DataSource" 
                     ref="druidDataSource"/>
     </bean>
     <bean id="sysConfigDao02"
           class="com.jt.sys.dao.impl.SysConfigDaoImpl02">
           <property name="JdbcTemplate" 
                     ref="jdbcTemplate"/>
     </bean>
     <bean id="sysConfigService"
           class="com.jt.sys.service.impl.SysConfigServiceImpl">
           <property name="sysConfigDao" ref="sysConfigDao"/>
     </bean>
     
     <bean id="sysConfigController"
           class="com.jt.sys.controller.SysConfigController">
           <property name="sysConfigService" ref="sysConfigService"/>
     </bean>
     
     
</beans>

<!-- Contoller->service->Dao->DataSource-DB -->




