<?xml version="1.0" encoding="UTF-8" ?>
<!DOCTYPE configuration
PUBLIC "-//mybatis.org//DTD Config 3.0//EN"
"http://mybatis.org/dtd/mybatis-3-config.dtd">
<configuration>
  <!-- 引入properties文件 -->
  <properties resource="configs.properties"/>
  <settings>
     <!-- 日志默认配置 -->
     <setting name="logImpl" value="log4j"/>
     <!-- 配置全局延迟加载 -->
     <setting name="lazyLoadingEnabled" value="true"/>
     <!-- 设置按需加载(配合上面的延迟加载属性实现) -->
     <setting name="aggressiveLazyLoading" value="false"/>
     <!-- 一级缓存设置(默认开启且是session类型) -->
     <setting name="localCacheScope" value="SESSION"/>
     <!-- 启用二级缓存 -->
     <setting name="cacheEnabled" value="true"/>
  </settings>
  
  <typeAliases>
      <!-- 
      <typeAlias type="com.jt.module.entity.Project" alias="pro"/>
       -->
      <package name="com.jt.module.entity"/>
  </typeAliases>
  
  <environments default="development">
    <environment id="development">
      <transactionManager type="JDBC"/>
      <dataSource type="POOLED">
        <property name="driver" value="${jdbcDriver}"/>
        <property name="url" value="${jdbcUrl}"/>
        <property name="username" value="${jdbcUser}"/>
        <property name="password" value="${jdbcPassword}"/>
      </dataSource>
    </environment>
  </environments>
  <!-- 配置映射文件 -->
  <mappers>
    <mapper resource="mapper/ProjectDaoMapper.xml"/>
    <mapper resource="mapper/OrderDaoMapper.xml"/>
  </mappers>
</configuration>



