<?xml version="1.0" encoding="UTF-8" ?>
<!DOCTYPE configuration
PUBLIC "-//mybatis.org//DTD Config 3.0//EN"
"http://mybatis.org/dtd/mybatis-3-config.dtd">
<configuration>
  <!-- 引入properties文件 -->
  <properties resource="configs.properties"/>
  <environments default="development">
    <environment id="development">
      <transactionManager type="JDBC"/>
      <dataSource type="POOLED">
        <property name="driver" value="${jdbcDriver}"/>
        <property name="url" value="${jdbcUrl}"/>
        <property name="username" value="${jdbcUser}"/>
        <property name="password" value="${jdbcPassword}"/>
      </dataSource>
    </environment>
  </environments>
  <!-- 配置映射文件 -->
  <mappers>
    <mapper resource="mapper/ProjectDaoMapper.xml"/>
  </mappers>
</configuration>



