<?xml version="1.0" encoding="UTF-8"?>
<!DOCTYPE mapper
  PUBLIC "-//mybatis.org//DTD Mapper 3.0//EN"
  "http://mybatis.org/dtd/mybatis-3-mapper.dtd">
<mapper namespace="com.jt.module.dao.ProjectDao">
   
   <insert id="insertObject"
           parameterType="map">
          insert into projects
          (id,name,note,createdTime)
          values
          (null,#{name},#{note},#{createdTime})
   </insert>
   <!-- 更新元素-->>
   <update id="updateObject">
          update projects
          set
          name=#{name},
          note=#{note}
          where id=#{id}
   </update>
   
   <delete id="deleteObject">
          delete from projects
          where id=#{a}
   </delete>
  
   <!-- 映射元素
      1) select 表示查询元素
      2) id 此元素的唯一标识
      3) resultType 表示结果类型(查询结果中
                 一行记录要映射的对象类型)
    -->
   <select id="findObjects"
           resultType="map">
           select * from projects 
   </select>
   
   <select id="findObjectById"
           resultType="map">
           select *
           from projects
           where id=#{id}     
   </select>
   
   <select id="findPageObjects"
           resultType="map">
           select *
           from projects
           limit #{array[0]},#{array[1]}
   </select>
   
   <select id="findPageProjects"
         resultType="map">
         select *
         from projects
         where name like concat("%",#{name},"%")
         limit #{startIndex},#{pageSize}
   </select>
   
</mapper>







