<?xml version="1.0" encoding="UTF-8"?>
<beans default-lazy-init="true"
    xmlns="http://www.springframework.org/schema/beans" 
    xmlns:p="http://www.springframework.org/schema/p"
    xmlns:xsi="http://www.w3.org/2001/XMLSchema-instance" 
    xmlns:context="http://www.springframework.org/schema/context"
    xmlns:tx="http://www.springframework.org/schema/tx"
    xmlns:aop="http://www.springframework.org/schema/aop" 
    xmlns:mvc="http://www.springframework.org/schema/mvc"
    xmlns:util="http://www.springframework.org/schema/util"
    xmlns:jpa="http://www.springframework.org/schema/data/jpa"
    xsi:schemaLocation="  
       http://www.springframework.org/schema/beans   
       http://www.springframework.org/schema/beans/spring-beans-4.3.xsd  
       http://www.springframework.org/schema/mvc   
       http://www.springframework.org/schema/mvc/spring-mvc-4.3.xsd   
       http://www.springframework.org/schema/tx   
       http://www.springframework.org/schema/tx/spring-tx-4.3.xsd   
       http://www.springframework.org/schema/aop 
       http://www.springframework.org/schema/aop/spring-aop-4.3.xsd
       http://www.springframework.org/schema/util 
       http://www.springframework.org/schema/util/spring-util-4.3.xsd
       http://www.springframework.org/schema/data/jpa 
       http://www.springframework.org/schema/data/jpa/spring-jpa-1.3.xsd
       http://www.springframework.org/schema/context
       http://www.springframework.org/schema/context/spring-context-4.3.xsd">
   
    <!-- 启用mvc注解默认配置 -->
    <mvc:annotation-driven>
        <mvc:message-converters register-defaults="true">
           <!-- 配置json转换器 (fastjson)-->
           <bean class="com.alibaba.fastjson.support.spring.FastJsonHttpMessageConverter">
                 <property name="supportedMediaTypes">
                     <list>
                       <value>text/html;charset=utf-8</value>
                       <value>application/json;charset=utf-8</value>
                     </list>
                 </property>
           </bean>
        </mvc:message-converters>
    </mvc:annotation-driven>
    <!-- 配置视图解析器 /WEB-INF/pages/hello.jsp-->
    <bean  id="viewResolver" class="org.springframework.web.servlet.view.InternalResourceViewResolver">
           <property name="prefix" value="/WEB-INF/pages/"/>
           <property name="suffix" value=".jsp"/>
    </bean>
    <!-- 配置拦截器 -->
    <mvc:interceptors>
        <mvc:interceptor><!-- 配置如下元素时需要注意一个顺序问题 -->
           <!-- 配置拦截哪些路径 -->
           <mvc:mapping path="/**"/>
           <!-- 配置哪些路径不进拦截 -->
           <mvc:exclude-mapping path="/doLogin.do"/>
           <!-- 拦截到请求以后由哪个拦截器进行处理 -->
           <ref bean="timeInterceptor"/>
        </mvc:interceptor>
    </mvc:interceptors>
    
</beans>










