<?xml version="1.0" encoding="UTF-8"?>
<!DOCTYPE mapper PUBLIC "-//mybatis.org//DTD Mapper 3.0//EN"
  "http://mybatis.org/dtd/mybatis-3-mapper.dtd">
<!-- 角色和菜单关系表(中间表)对应的映射文件 -->
<mapper namespace="com.jt.sys.dao.SysRoleMenuDao">
      
     <!-- 保存菜单,角色关系数据 -->
     <insert id="insertObject">
       insert into sys_role_menus
       (role_id,menu_id)
       values <!--(1,2),(1,4),(1,5)-->
       <foreach collection="menuIds"
                separator=","
                item="item">
           (#{roleId},#{item})
       </foreach>
     </insert>

     <!-- 基于菜单id删除关系表数据 -->
     <delete id="deleteObjectsByMenuId">
         delete 
         from sys_role_menus
         where menu_id=#{menuId}
     </delete>
     
     <!-- 基于角色id删除角色和菜单的关系数据 -->
     <delete id="deleteObjectsByRoleId">
         delete
         from sys_role_menus
         where role_id=#{roleId}
     </delete>

</mapper>



