<?xml version="1.0" encoding="UTF-8"?>
<!DOCTYPE mapper PUBLIC "-//mybatis.org//DTD Mapper 3.0//EN"
  "http://mybatis.org/dtd/mybatis-3-mapper.dtd">
<mapper namespace="com.jt.sys.dao.SysConfigDao">
    
    <insert id="insertObject">
       insert into sys_configs
       (name,value,note,createdTime,
       modifiedTime,createdUser,modifiedUser)
       values
       (#{name},#{value},#{note},now(),now(),
       #{createdUser},#{modifiedUser})
    </insert>
    
     <update id="updateObject">
       update sys_configs
       set 
       name=#{name},
       value=#{value},
       note=#{note},
       modifiedTime=now(),
       modifiedUser=#{modifiedUser}
       where id=#{id}
    </update>
    
    
    
    <delete id="deleteObjects">
        delete from sys_configs
        where id in <!-- (1,2,3,4,5) -->
        <foreach collection="ids"
                 open="("
                 close=")"
                 separator=","
                 item="item">
               #{item}
        </foreach>
    </delete>
    
    
    <!-- 提取sql元素共性,其它地方需要时可以include -->
    <sql id="queryWhereId">
          <where>
              <if test="name!=null and name!=''">
               name like concat("%",#{name},"%")
              </if>
          </where>
    </sql>
    <select id="findPageObjects"
            resultType="com.jt.sys.entity.SysConfig">
            select * 
            from sys_configs
            <include refid="queryWhereId"/>
            order by createdTime desc
            limit #{startIndex},#{pageSize}
    </select>
    
    <select id="getRowCount"
            resultType="int">
            select count(*)
            from sys_configs
            <include refid="queryWhereId"/>
    </select>
    
    
</mapper>



