<?xml version="1.0" encoding="UTF-8"?>
<!DOCTYPE mapper PUBLIC "-//mybatis.org//DTD Mapper 3.0//EN"
  "http://mybatis.org/dtd/mybatis-3-mapper.dtd">
<mapper namespace="com.jt.sys.dao.SysRoleMenuDao">
    
    <!-- 基于角色id查询菜单id -->
     <select id="findMenuIdsByRoleId"
         resultType="int">
         select menu_id
         from sys_role_menus
         where role_id in 
         <foreach collection="roleIds"
                  open="("
                  close=")"
                  separator=","
                  item="item">
               #{item}
         </foreach>
    </select>

    
    
    <!-- 插入角色与菜单的关系数据 -->
    
    <insert id="insertObject">
    
      insert into sys_role_menus
      (role_id,menu_id)
      values <!-- (1,2) , (1,3) , (1,4) .... -->
      <foreach collection="menuIds"
               separator=","
               item="item">
           (#{roleId},#{item})    
      </foreach>
    </insert>
    
    
    <!-- 基于角色id删除角色菜单关系数据 -->
    <delete id="deleteObjectsByRoleId">
        delete from sys_role_menus
        where role_id=#{roleId}
    </delete>
    
    <!-- 基于菜单id 删除关系表数据-->
    <delete id="deleteObjectsByMenuId">
        delete from sys_role_menus
        where menu_id=#{menuId}
    </delete>
    
</mapper>



