<?xml version="1.0" encoding="UTF-8"?>
<!DOCTYPE mapper PUBLIC "-//mybatis.org//DTD Mapper 3.0//EN"
  "http://mybatis.org/dtd/mybatis-3-mapper.dtd">
<mapper namespace="com.jt.sys.dao.SysUserRoleDao">
    
   <delete id="deleteObjectsByUserId"
           parameterType="int">
         delete from sys_user_roles
         where user_id=#{userId}
   </delete>
    
    
    
    <!-- 基于用户id查询角色id -->
    
   <select id="findRoleIdsByUserId"
           resultType="int">
        select role_id
        from sys_user_roles
        where user_id=#{userId}
   </select>
    
    
    
    <!-- 基于角色id删除角色菜单关系数据 -->
    <delete id="deleteObjectsByRoleId">
        delete from sys_user_roles
        where role_id=#{roleId}
    </delete>
   
      
    <!-- 批量写入用户与角色关系数据 -->
    <insert id="insertObject">
       insert into sys_user_roles
       (user_id,role_id)
       values <!-- (1,2),(3,4),(4,5) -->
       <foreach collection="roleIds"
                separator=","
                item="item">
              (#{userId},#{item})
       </foreach>
    </insert>
    
</mapper>



